{
    "n_tot": 2105251,
    "n_pos": 7313,
    "prior_proportion": 0.0034736950601408556,
    "cutoff": 0.7548791520658159,
    "expected_proportion": 0.005055454482476073,
    "roc_auc": 0.9501779018242518,
    "pr_auc": 0.13060434020189,
    "f1": 0.20588456753872553,
    "alpha": 15.0,
    "keep": true
}