{
    "roc_auc": 0.8708540891197714,
    "n_tot": 2105251,
    "n_pos": 1000,
    "cutoff": 0.3999999999999934
}