{
    "n_tot": 2105251,
    "n_pos": 2000,
    "prior_proportion": 0.0009500054862825408,
    "cutoff": 0.943469509772117,
    "expected_proportion": 0.0008136797008060142,
    "roc_auc": 0.9806109297775937,
    "pr_auc": 0.3621622330545295,
    "f1": 0.4178076441283565,
    "alpha": 5.0,
    "keep": true
}