{
    "roc_auc": 0.9770691198525714,
    "n_tot": 2105251,
    "n_pos": 1000,
    "cutoff": 0.38811388072997205
}