{
    "roc_auc": 0.7426432409830923,
    "n_tot": 2105251,
    "n_pos": 1000,
    "cutoff": 0.7999999990718764
}