{
    "n_tot": 2105251,
    "n_pos": 2000,
    "prior_proportion": 0.0009500054862825408,
    "cutoff": 0.9531876473435392,
    "expected_proportion": 0.0009595054373568153,
    "roc_auc": 0.9888082225296909,
    "pr_auc": 0.37914489705394433,
    "f1": 0.4329161951825887,
    "alpha": 2.0,
    "keep": true
}