{
    "roc_auc": 0.9560113555959047,
    "n_tot": 2105251,
    "n_pos": 1000,
    "cutoff": 0.39853056176737967
}