{
    "roc_auc": 0.9343812644934293,
    "n_tot": 2105251,
    "n_pos": 1000,
    "cutoff": 0.7999719552931778
}