{
    "roc_auc": 0.8638780096702247,
    "n_tot": 2105251,
    "n_pos": 1000,
    "cutoff": 0.40000000000010905
}