{
    "roc_auc": 0.79032425119438,
    "n_tot": 2105251,
    "n_pos": 1000,
    "cutoff": 0.20000007413830034
}