{
    "roc_auc": 0.9519058269453996,
    "n_tot": 2105251,
    "n_pos": 55861,
    "cutoff": 0.4876092173018013
}