{
    "n_tot": 2105251,
    "n_pos": 55861,
    "prior_proportion": 0.02653412823371199,
    "cutoff": 0.7773227176793481,
    "expected_proportion": 0.025828273999239336,
    "roc_auc": 0.9102823457325195,
    "pr_auc": 0.3993408376902067,
    "f1": 0.4192105248856553,
    "alpha": 2.0,
    "keep": false
}