{
    "n_tot": 2105251,
    "n_pos": 131146,
    "prior_proportion": 0.06229470975110253,
    "cutoff": 0.5941411201231759,
    "expected_proportion": 0.07418022905039445,
    "roc_auc": 0.7815960490348811,
    "pr_auc": 0.27413262475867317,
    "f1": 0.3254705160454944,
    "alpha": 15.0,
    "keep": false
}