{
    "roc_auc": 0.820281262146058,
    "n_tot": 2105251,
    "n_pos": 131146,
    "cutoff": 0.5195280889759851
}