{
    "n_tot": 2105251,
    "n_pos": 2848,
    "prior_proportion": 0.0013528078120150834,
    "cutoff": 0.8077914335710348,
    "expected_proportion": 0.0014763082962201198,
    "roc_auc": 0.8841409814381647,
    "pr_auc": 0.08083281105052362,
    "f1": 0.16924556935048418,
    "alpha": 5.0,
    "keep": true
}