{
    "n_tot": 2105251,
    "n_pos": 1631,
    "prior_proportion": 0.0007747294731609028,
    "cutoff": 0.8717352020739927,
    "expected_proportion": 0.0004455525692308477,
    "roc_auc": 0.9646416996609041,
    "pr_auc": 0.5305081585828455,
    "f1": 0.5763132614912668,
    "alpha": 5.0,
    "keep": false
}