{
    "n_tot": 2105251,
    "n_pos": 128543,
    "prior_proportion": 0.06105827761115705,
    "cutoff": 0.6190151160288673,
    "expected_proportion": 0.07523568259538917,
    "roc_auc": 0.9001368700799862,
    "pr_auc": 0.4392378664428131,
    "f1": 0.459241405343836,
    "alpha": 15.0,
    "keep": false
}