{
    "roc_auc": 0.967455766013755,
    "n_tot": 2105251,
    "n_pos": 70840,
    "cutoff": 0.2262608814995625
}