{
    "n_tot": 2105251,
    "n_pos": 8960,
    "prior_proportion": 0.004256024578545782,
    "cutoff": 0.8497387947174653,
    "expected_proportion": 0.004070773698247606,
    "roc_auc": 0.9726944092810011,
    "pr_auc": 0.34252211582715003,
    "f1": 0.3822129571220585,
    "alpha": 0.5,
    "keep": true
}