{
    "n_tot": 2105251,
    "n_pos": 412876,
    "prior_proportion": 0.1961172325762926,
    "cutoff": 0.5592549116100296,
    "expected_proportion": 0.24246562978356367,
    "roc_auc": 0.8875985700656661,
    "pr_auc": 0.6779776342931144,
    "f1": 0.6284986735957645,
    "alpha": 1.0,
    "keep": true
}