{
    "n_tot": 2105251,
    "n_pos": 1268138,
    "prior_proportion": 0.6023690286812331,
    "cutoff": 0.4174218821685639,
    "expected_proportion": 0.7064069784853958,
    "roc_auc": 0.8599797152788261,
    "pr_auc": 0.8973710857850532,
    "f1": 0.8324200307519277,
    "alpha": 1.0,
    "keep": true
}