{
    "roc_auc": 0.9718835005960462,
    "n_tot": 40000,
    "n_pos": 18322,
    "cutoff": 0.5999661383417823
}