{
    "n_tot": 2105251,
    "n_pos": 181660,
    "prior_proportion": 0.08628899831904317,
    "cutoff": 0.6393040741895477,
    "expected_proportion": 0.09216952974646583,
    "roc_auc": 0.8957244464039359,
    "pr_auc": 0.5699454862976351,
    "f1": 0.5327637710564853,
    "alpha": 5.0,
    "keep": false
}