{
    "roc_auc": 0.9459619593341035,
    "n_tot": 2105251,
    "n_pos": 181660,
    "cutoff": 0.3436385848520865
}