{
    "n_tot": 2105251,
    "n_pos": 23930,
    "prior_proportion": 0.011366815643370599,
    "cutoff": 0.821706321593642,
    "expected_proportion": 0.011407190976941749,
    "roc_auc": 0.9078867722584272,
    "pr_auc": 0.3135533021043134,
    "f1": 0.3760098057210365,
    "alpha": 10.0,
    "keep": true
}