{
    "roc_auc": 0.9386863409363653,
    "n_tot": 2105251,
    "n_pos": 414726,
    "cutoff": 0.4835802993316555
}