{
    "roc_auc": 0.9327460486137966,
    "n_tot": 2105251,
    "n_pos": 2634,
    "cutoff": 0.4000000000000066
}