{
    "n_tot": 2105251,
    "n_pos": 2634,
    "prior_proportion": 0.0012511572252084787,
    "cutoff": 0.8697801922539183,
    "expected_proportion": 0.0013010324703691281,
    "roc_auc": 0.9535884332072628,
    "pr_auc": 0.16223115711998906,
    "f1": 0.26503211199191123,
    "alpha": 2.0,
    "keep": true
}