{
    "roc_auc": 0.9567570834647127,
    "n_tot": 2105251,
    "n_pos": 1000,
    "cutoff": 0.4000012536066597
}