{
    "n_tot": 2105251,
    "n_pos": 2000,
    "prior_proportion": 0.0009500054862825408,
    "cutoff": 0.8555932243666927,
    "expected_proportion": 0.0008284047477123827,
    "roc_auc": 0.9798881616932297,
    "pr_auc": 0.34781077154314044,
    "f1": 0.40568548127203263,
    "alpha": 2.0,
    "keep": true
}