{
    "roc_auc": 0.8264629257691081,
    "n_tot": 2105251,
    "n_pos": 1000,
    "cutoff": 0.7559164156898904
}