{
    "n_tot": 2105251,
    "n_pos": 2000,
    "prior_proportion": 0.0009500054862825408,
    "cutoff": 0.8764034686906707,
    "expected_proportion": 0.0008070296423212083,
    "roc_auc": 0.9851120638815871,
    "pr_auc": 0.40072765065623833,
    "f1": 0.4323728168459997,
    "alpha": 3.0,
    "keep": true
}