{
    "roc_auc": 0.7700142568995696,
    "n_tot": 2105251,
    "n_pos": 1000,
    "cutoff": 0.7959070228224294
}