{
    "roc_auc": 0.9514592765268765,
    "n_tot": 2105251,
    "n_pos": 1000,
    "cutoff": 0.4000000000542629
}