{
    "n_tot": 2105251,
    "n_pos": 10000,
    "prior_proportion": 0.004750027431412703,
    "cutoff": 0.7485285563848709,
    "expected_proportion": 0.004404225645818625,
    "roc_auc": 0.9558230356192862,
    "pr_auc": 0.28462281928031985,
    "f1": 0.3499123170096071,
    "alpha": 5.0,
    "keep": true
}