{
    "roc_auc": 0.9370979685306677,
    "n_tot": 2105251,
    "n_pos": 1000,
    "cutoff": 0.3999570979903959
}