{
    "roc_auc": 0.9205603480822917,
    "n_tot": 2105251,
    "n_pos": 1000,
    "cutoff": 0.7993940122803783
}