{
    "n_tot": 2105251,
    "n_pos": 2000,
    "prior_proportion": 0.0009500054862825408,
    "cutoff": 0.8679608685342675,
    "expected_proportion": 0.000998455580391695,
    "roc_auc": 0.9930207510781524,
    "pr_auc": 0.3786380103074551,
    "f1": 0.4062717758410598,
    "alpha": 15.0,
    "keep": true
}