{
    "roc_auc": 0.9286257097818649,
    "n_tot": 2105251,
    "n_pos": 1000,
    "cutoff": 0.5999999999955639
}