{
    "roc_auc": 0.8022450599270851,
    "n_tot": 2105251,
    "n_pos": 1000,
    "cutoff": 0.39996677833961336
}