{
    "n_tot": 2105251,
    "n_pos": 10000,
    "prior_proportion": 0.004750027431412703,
    "cutoff": 0.7614057716018842,
    "expected_proportion": 0.004862603326794042,
    "roc_auc": 0.9166330337929445,
    "pr_auc": 0.2561783134470827,
    "f1": 0.31692960955365274,
    "alpha": 3.0,
    "keep": true
}