{
    "roc_auc": 0.9682328579805624,
    "n_tot": 2105251,
    "n_pos": 1000,
    "cutoff": 0.5999999999996077
}