{
    "n_tot": 2105251,
    "n_pos": 10000,
    "prior_proportion": 0.004750027431412703,
    "cutoff": 0.8483995484895834,
    "expected_proportion": 0.0060372849341418676,
    "roc_auc": 0.9834879273712269,
    "pr_auc": 0.373060504560776,
    "f1": 0.4074799023251575,
    "alpha": 3.0,
    "keep": true
}