{
    "roc_auc": 0.8644217129574002,
    "n_tot": 2105251,
    "n_pos": 1000,
    "cutoff": 0.599999999998073
}