{
    "n_tot": 2105251,
    "n_pos": 8314,
    "prior_proportion": 0.003949172806250895,
    "cutoff": 0.8241995359656041,
    "expected_proportion": 0.005257805558772695,
    "roc_auc": 0.9482341465256073,
    "pr_auc": 0.17312205996605456,
    "f1": 0.2818505888769749,
    "alpha": 5.0,
    "keep": true
}