{
    "roc_auc": 0.9548444825187128,
    "n_tot": 2105251,
    "n_pos": 8314,
    "cutoff": 0.20195895068966405
}