{
    "n_tot": 2105251,
    "n_pos": 47336,
    "prior_proportion": 0.02248472984843266,
    "cutoff": 0.689747535762627,
    "expected_proportion": 0.01723594970594209,
    "roc_auc": 0.9227142242291551,
    "pr_auc": 0.5232322518556011,
    "f1": 0.5203529062723068,
    "alpha": 3.0,
    "keep": false
}