{
    "n_tot": 2105251,
    "n_pos": 414726,
    "prior_proportion": 0.19699598765110396,
    "cutoff": 0.5429307007054884,
    "expected_proportion": 0.26352772354179665,
    "roc_auc": 0.8780682839645918,
    "pr_auc": 0.635995464351843,
    "f1": 0.6089037546744894,
    "alpha": 1.0,
    "keep": true
}