{
    "n_tot": 2105251,
    "n_pos": 970412,
    "prior_proportion": 0.4609483619765295,
    "cutoff": 0.4809336898222136,
    "expected_proportion": 0.5124657323700852,
    "roc_auc": 0.8747714333554558,
    "pr_auc": 0.8571731188019911,
    "f1": 0.7835997232734744,
    "alpha": 1.0,
    "keep": true
}