{
    "n_tot": 2105251,
    "n_pos": 1416448,
    "prior_proportion": 0.6728166855165147,
    "cutoff": 0.4075177081492661,
    "expected_proportion": 0.791226316791017,
    "roc_auc": 0.8473885618531201,
    "pr_auc": 0.9183773609914059,
    "f1": 0.8501276663587853,
    "alpha": 1.0,
    "keep": false
}