{
    "n_tot": 2105251,
    "n_pos": 1408772,
    "prior_proportion": 0.6691705644599368,
    "cutoff": 0.38587647607810294,
    "expected_proportion": 0.7783670432976342,
    "roc_auc": 0.8514924916816394,
    "pr_auc": 0.9178528700684634,
    "f1": 0.8522507865698913,
    "alpha": 1.0,
    "keep": true
}