{
    "roc_auc": 0.9698086461676498,
    "n_tot": 2105251,
    "n_pos": 8960,
    "cutoff": 0.2039028212547374
}