{
    "roc_auc": 0.9523658416851039,
    "n_tot": 2105251,
    "n_pos": 7313,
    "cutoff": 0.4401875398353855
}